0,[2103, 2321, 2424, 2345, 2333, 2412, 2410, 2311, 2450, 2256, 2309, 2320]
1,[2228, 2002, 2041, 2167, 1963, 1933, 2213, 2020, 1902, 2079, 2166, 2013]
2,[1258, 1884, 1962, 1706, 1658, 1906, 1681, 1673, 1598, 1966, 1770, 1763]
3,[1364, 1446, 1526, 1450, 1709, 1402, 1470, 1444, 1362, 1501]
4,[1930, 1270, 1274, 1288, 1362, 1374, 1243, 1321, 1275]
5,[1233, 1193, 1188, 1239, 1189, 1181, 1180, 1189, 1184, 1194, 1207, 1205, 1180]
6,[1180, 1179, 1178, 1179, 1180, 1178, 1185, 1179, 1182, 1191]
7,[1191, 1191, 1189, 1198, 1193, 1182, 1193, 1194, 1181, 1192, 1191, 1196]
8,[1213, 1204, 1205, 1213, 1197, 1205, 1208, 1209, 1204, 1207, 1212, 1204, 1211, 1202, 1202, 1200]
9,[1214, 1219, 1208, 1218, 1215, 1216, 1220, 1215, 1203, 1212, 1202, 1219]
10,[1219, 1221, 1221, 1221, 1219, 1218, 1220, 1220, 1219, 1221, 1221]
11,[1221, 1222, 1219, 1221, 1219, 1219, 1222, 1222, 1220, 1222, 1220, 1221, 1220]
12,[1225, 1226, 1224, 1223, 1227, 1227, 1223, 1226, 1220, 1227, 1222, 1223, 1226]
13,[1237, 1241, 1227, 1232, 1233, 1228, 1232, 1249, 1250, 1227, 1233, 1234]
14,[1237, 1240, 1236, 1236, 1239, 1248, 1241, 1253, 1240, 1245, 1237]
15,[1250, 1253, 1251, 1258, 1245, 1258, 1260, 1244, 1254, 1261, 1248, 1255]
16,[1280, 1282, 1263, 1274, 1276, 1262, 1276, 1282, 1284, 1276, 1278, 1257, 1274, 1270, 1270, 1285]
17,[1302, 1289, 1294, 1288, 1292, 1286, 1298, 1288, 1294, 1289]
18,[1328, 1301, 1302, 1314, 1307, 1325, 1286, 1307, 1309, 1306, 1305, 1288]
19,[1330, 1328, 1330, 1287, 1326, 1329, 1331, 1327, 1329, 1330, 1324, 1332, 1331, 1285, 1321, 1331]
20,[1326, 1326, 1325, 1328, 1331, 1323, 1330, 1326, 1330, 1323]
21,[1311, 1318, 1290, 1318, 1313, 1289, 1317, 1320, 1315, 1301, 1300]
22,[1282, 1287, 1254, 1276, 1291, 1285, 1294, 1263, 1259, 1226, 1270]
23,[1199, 1180, 1215, 1125, 1117, 1156, 1104, 1193, 1155]
24,[1270, 1029, 991, 1084, 1129, 993, 1087, 995, 998, 989, 1137, 1005, 1032, 1027]
25,[1238, 981, 980, 972, 966, 974, 972, 962, 977]
26,[1021, 960, 961, 961, 963, 960, 963, 964, 963, 963, 966, 960, 963]
27,[1099, 990, 1094, 1114, 969, 1104, 1172, 1180, 1094, 1127, 963, 1081, 1046, 1187]
28,[1879, 1274, 1222, 1249, 1206, 1237, 1201, 1271, 1253, 1292]
29,[1312, 1278, 1314, 1300, 1336, 1261, 1302, 1303, 1298, 1293, 1311]
30,[1336, 1277, 1312, 1336, 1328, 1336, 1331, 1321, 1328, 1322, 1312, 1314, 1318, 1327]
31,[998, 1172, 1126, 1111, 1162, 1235, 1264, 1133, 1232, 1065]
32,[775, 961, 729, 958, 718, 993, 807, 796]
33,[705, 542, 637, 624, 735, 695, 559, 754, 566, 551, 602]
34,[468, 509, 495, 488, 502, 463, 462, 514, 470, 528, 456, 491, 513, 473]
35,[413, 430, 463, 406, 406, 431, 405, 405, 466, 407, 412, 412]
36,[390, 389, 386, 387, 406, 388, 390, 388, 388]
37,[393, 393, 393, 391, 393, 393, 390, 392, 394, 393]
38,[984, 394, 1209, 394, 1298, 1300, 1205, 1224, 393, 1080, 992, 993, 1300]
39,[1348, 1335, 1344, 1349, 1327, 1336, 1311, 1329, 1312, 1345, 1315, 1336, 1354]
40,[1366, 1362, 1365, 1342, 1360, 1366, 1360, 1361, 1356, 1365]
41,[1362, 1330, 1363, 1351, 1349, 1213, 1222, 1342, 1268, 1339, 1368, 1369, 1347]
42,[1302, 1322, 1300, 1287, 1300, 1316, 1267, 1323, 1291, 1313, 1267]
43,[1233, 1236, 1250, 1222, 1249, 1235, 1221, 1249, 1220, 1259, 1241, 1226, 1224]
44,[1236, 1234, 1221, 1232, 1223, 1224, 1221, 1226, 1223, 1225, 1226, 1238, 1223]
45,[1271, 1242, 1252, 1266, 1324, 1265, 1265, 1237, 1260, 1235, 1249, 1316]
46,[1272, 1301, 1304, 1302, 1311, 1299, 1303, 1262, 1296, 1289, 1313]
47,[1321, 1327, 1344, 1326, 1313, 1334, 1321, 1331, 1318, 1355, 1321, 1336]
48,[1380, 1357, 1374, 1348, 1376, 1376, 1366, 1380, 1365]
49,[1433, 1388, 1419, 1423, 1390, 1421, 1430, 1371, 1417, 1422, 1370, 1414, 1431, 1406, 1407, 1431]
50,[1436, 1444, 1397, 1436, 1384, 1374, 1382, 1445, 1433, 1442, 1448]
51,[1451, 1447, 1451, 1440, 1446, 1450, 1449, 1450, 1451, 1449, 1449]
52,[1427, 1427, 1439, 1446, 1438, 1432, 1430, 1443, 1438, 1427, 1442, 1427, 1426, 1445, 1445, 1429]
53,[1446, 1435, 1437, 1436, 1449, 1434, 1443, 1433, 1437, 1435, 1441]
54,[1453, 1448, 1461, 1450, 1457, 1461, 1461, 1445, 1460, 1452, 1460]
55,[1462, 1450, 1461, 1456, 1459, 1460, 1460, 1458, 1458, 1452, 1459]
56,[1440, 1411, 1444, 1405, 1413, 1452, 1427, 1455, 1404, 1439, 1429]
57,[254, 232, 250, 254, 233, 251, 252, 1422, 246, 241, 241]
58,[271, 285, 278, 265, 248, 283, 269, 279, 269, 271, 283, 265]
59,[307, 296, 294, 327, 297, 307]
60,[371, 333, 374, 379, 338, 375, 392, 369, 377, 365, 354, 354, 396]
61,[408, 400, 416, 420, 413, 395, 418, 402, 415, 398, 419, 403, 418, 406]
62,[249, 363, 379, 420, 377, 342, 382, 395, 407, 373]
63,[228, 237, 237, 222, 239, 234, 231, 240, 235, 228, 246, 229, 228, 262, 260]
64,[226, 226, 225, 222, 227, 221, 226]
65,[233, 235, 233, 236, 232, 233, 231, 237, 230, 232]
66,[232, 224, 222, 234, 232, 235, 231, 235, 233, 230, 230, 224, 231, 236]
67,[216, 216, 205, 215, 205, 221, 209, 222, 204, 218, 210]
68,[198, 205, 214, 204, 201, 210, 207, 198, 198]
69,[1389, 410, 218, 272, 256, 215, 220, 272, 225, 485, 226, 308, 220]
70,[1336, 460, 924, 470, 956, 1599, 865, 645, 260, 1035, 585]
71,[3367, 1334, 3381, 3398, 3351, 3313, 3241, 3372, 3371, 715, 3271, 3288, 3430, 3245, 2612, 2685, 3293]
72,[2973, 3152, 3153, 3104, 3131, 2897]
73,[1406, 1438, 1540]
74,[4382, 1463, 1447, 1462, 1444, 1462, 1440, 1448, 1449, 1436, 1440, 1452, 1434, 1436, 1451, 1430, 1450]
75,[1477, 1470, 1480, 1471, 1480, 1464, 1476, 1462, 1482, 1473, 1465, 1476]
76,[1481, 1474, 1480, 1480, 1474, 1475, 1478, 1475, 1477]
77,[1465, 1471, 1465, 1473, 1464, 1470, 1449, 1474, 1458, 1452, 1475, 1468, 1476, 1464, 1469]
78,[1461, 1464, 1458, 1462, 1457, 1459, 1460, 1456, 1457, 1462, 1462]
79,[1451, 1456, 1488, 1452, 1456, 1453, 1450, 1455, 1454, 1459, 1455, 1457, 1456, 1450]
80,[1462, 1449, 1449, 1457, 1496, 1449, 1452, 1452, 1450, 1454, 1459, 1450, 1453]
81,[1465, 1457, 1467, 1479, 1463, 1467, 1471, 1469, 1466]
82,[1513, 1504, 1471, 1502, 1504, 1500, 1506, 1507, 1491, 1500, 1517, 1488, 1503, 1513, 1482, 1496, 1513]
83,[1537, 1527, 1537, 1534, 1528, 1532, 1527, 1534, 1534, 1531]
84,[1540, 1541, 1550, 1540, 1536, 1540, 1551, 1540, 1548, 1539, 1543]
85,[1602, 1577, 1556, 1591, 1553, 1603, 1552, 1570, 1550, 1578, 1552, 1577, 1538, 5042, 1536, 1560]
86,[1612, 1617, 1608, 1604, 1961, 5210, 1605]
87,[1716, 1976, 1712, 2013, 1705, 1721, 1714, 1695, 1674]
88,[1755, 1747, 1749, 5710, 1764, 1751, 1704, 1767, 1740, 1699, 1747, 1672, 1773, 1732]
89,[1784, 1818, 1785, 1836, 1811, 1794, 1766, 1834, 1766, 1783]
90,[1945, 1921, 1840, 1917, 1939, 1846, 1916, 1938, 1892, 1898, 1809, 1884, 1866, 1882]
91,[1917, 1924, 1916, 1884, 1920]
92,[1437, 3773, 3805, 3715, 3650, 3525, 3570, 3783, 3429]
93,[8030, 7623, 4624, 5436, 3732, 4638, 5171, 5067, 4592, 4653, 7938, 4304, 4629, 5240, 3791, 3928, 7812]
94,[9124, 8961, 9084, 8307, 9182, 8620, 9132, 9213, 9230, 8898]
95,[7571, 8272, 7401, 8181, 7888, 8559, 8174]
96,[7450, 7363, 7444, 7407, 7457, 7550, 7746, 7578]
97,[9027]
101,[2840, 2835, 2854, 2829, 2815, 2832, 2812, 2850, 2835, 2849, 14217, 2812]
102,[2792, 2765, 2767, 2800, 2759, 2799, 2756, 2836, 2754, 2793, 2754, 2723]
103,[2673, 2677, 2713, 2714, 2736, 2703, 2691, 2709, 2705, 2725, 2709]
104,[2687, 2633, 2665, 2635, 2663, 2636, 2676, 2665, 2664, 2678, 2682, 2671, 2629, 2687, 2682, 2628]
105,[2670, 2556, 2625, 2626, 2587, 2663, 2644, 2662, 2600, 2625, 2649]
106,[2564, 2559, 2555, 2556, 2683, 2553, 2554, 2550, 2632, 2568, 2565]
107,[2548, 2553, 2693, 2536, 2555, 2552, 2549, 2567, 2557, 2550, 2547, 2550, 2560, 2555, 2550]
108,[2576, 2613, 2591, 2622, 2604, 2569, 2624, 2592, 2598]
109,[2659, 2686, 2684, 2623, 2701, 2624, 2654, 2704, 2709, 2699, 2607, 2688, 2679, 2715]
110,[2729, 2724, 2760, 2722, 2686, 2758, 2727, 2681, 2685, 2665, 2756]
111,[2803, 2814, 2776, 2789, 2774, 2798, 2805, 2777, 2785, 2750, 2790, 2766, 2778]
112,[2813, 2825, 2791, 2823, 2825, 2830, 2744, 2824, 2824, 2787, 2808, 2823, 2801, 2804, 2822]
113,[2811, 2794, 2810, 2824, 2810, 2821, 2809, 2811, 2799, 2809, 2799]
114,[1448, 2798, 2797, 2792, 2791, 2757, 2756, 2791, 2756, 2766, 2785, 2766, 2798]
115,[2776, 2785, 2784, 2779, 2778, 2776, 2791, 2781, 2773, 2782, 2775, 2787, 2791, 2778]
116,[2739, 2761, 2758, 2765, 2736, 2767, 2747, 2766, 2759, 2765, 2752]
117,[2700, 2695, 2716, 2725, 2714, 2695, 2659, 2745, 2680, 2673, 2724, 2692]
118,[2658, 2647, 2607, 2654, 2643, 2637, 2673, 2610, 2642, 2642, 2691]
119,[2574, 2541, 2607, 2555, 2582, 2548, 2533, 2563, 2575, 2575, 2614, 2554, 2582]
120,[2534, 2548, 2501, 2491, 2505, 2514, 2508, 2528, 2526, 2482]
121,[7409, 2486, 2444, 2447, 2480, 2513, 2452, 2478, 2429, 2479, 2452]
122,[2424, 2398, 2392, 2399, 2420, 2399, 2389, 2409, 2416, 2418, 2452, 2403, 2420]
123,[2368, 2441, 2372, 2368, 2375, 2370, 2411, 2403, 2367, 2413, 2377, 2366, 2388, 2384, 2364]
124,[2341, 2358, 2358, 2361, 2368, 2364, 2366, 2360, 2363]
125,[2336, 2333, 2335, 2339, 2337, 2325, 2345, 2346, 2312, 2349, 2340, 2349]
126,[2284, 2300, 2290, 2296, 2287, 2279, 2309, 2301, 2279, 2306, 2281, 2320, 2322, 2285]
127,[2259, 2238, 2262, 2239, 2291, 2267, 2243, 2264, 2252, 2262, 2259, 2264, 2287]
128,[2232, 2236, 2237, 2272, 2233, 2253, 2232, 2229, 2278, 2232]
129,[2228, 2231, 2237, 2235, 2222, 2233, 2232, 2235, 2233, 2222, 2234, 2232, 2268, 2222, 2235]
130,[2218, 2220, 2223, 2221, 2225, 2222, 2220, 2218, 2223, 2225, 2222, 2216, 2223, 2225]
131,[2217, 2219, 2222, 2223, 2222, 2221, 2219, 2219, 2216, 2218, 2219]
132,[2213, 2217, 2210, 2230, 2218, 2231, 2209, 2218, 2209]
133,[2203, 2200, 2198, 2198, 2204, 2197, 2201, 2205, 2203, 2202, 2199, 2205]
134,[2236, 2218, 2221, 2221, 2215, 2212, 2221, 2229, 2208, 2213, 2226, 2205, 2202, 2225]
135,[2149, 2714, 2722, 2150, 2226, 2718, 2474, 2498, 2721, 2542, 2725]
136,[2146, 2720, 2719, 2719, 2717, 2720, 2718, 2722, 2151, 2720]
137,[1432, 2708, 2707, 2704, 2708, 2703, 2707, 2655, 2711, 2707, 2678, 2182, 2718, 2144, 2707]
138,[2095, 2093, 2092, 2092, 2095, 2090, 2096, 2092, 2094, 2093, 2092, 2094, 2091, 2093]
139,[2090, 2088, 2083, 2095, 2089, 2089, 2093, 2085, 2086]
140,[2111, 2105, 2099, 2129, 815, 2097, 2142, 2089, 814, 2144, 2138, 814, 2131]
141,[809, 804, 813, 808, 803, 813, 804, 810, 809]
142,[793, 792, 803, 793, 795, 792, 795, 797, 795, 801, 800, 791]
143,[787, 787, 790, 789, 791, 796, 788, 791, 788, 788, 791, 788]
144,[784, 783, 783, 787, 784, 785, 784, 786, 786, 783, 786]
145,[782, 789, 782, 783, 783, 784, 784, 783, 782, 785, 783, 783, 785, 786, 784, 788]
146,[789, 781, 798, 783, 792, 780, 781, 789, 790, 796]
147,[785, 789, 785, 786, 786, 787, 798, 786, 798, 787, 787, 784]
148,[790, 787, 788, 791, 792, 789, 787, 785, 787, 787, 786, 786, 792, 785]
149,[798, 790, 800, 794, 791, 799, 791, 797, 797, 790, 790, 792]
150,[795, 798, 789, 799, 801, 803, 817, 808, 799, 801, 802, 802]
151,[800, 801, 798, 804, 801, 800, 801, 807, 801, 801, 801, 803, 799]
152,[806, 782, 794, 775, 797, 807, 785, 780, 780, 801, 793, 775, 772]
153,[846, 794, 847, 845, 846, 829, 846, 830, 835, 815, 814, 814, 817]
154,[785, 787, 819, 787, 817, 788, 812, 786, 812, 787]
155,[828, 822, 829, 829, 803, 831, 815, 828, 823, 824, 819, 799]
156,[802, 819, 819, 818, 820, 821, 819, 820, 820, 816, 820, 819, 819, 812, 821, 818]
157,[833, 805, 831, 806, 845, 802, 803, 824, 804, 827]
158,[846, 845, 845, 842, 824, 838, 799, 838, 798, 846, 810, 808]
159,[1458, 794, 799, 801, 797, 800, 801, 808, 798, 797, 801, 811, 799, 792, 797]
160,[758, 754, 793, 759, 754, 791, 758, 758, 756, 792, 759, 766, 760]
161,[772, 759, 781, 761, 764, 780, 760, 760, 767, 767]
162,[777, 781, 802, 775, 772, 787, 798, 760, 793, 807, 780, 803, 793, 800]
163,[770, 755, 767, 768, 770, 768, 768, 767, 771, 770, 768, 774, 772]
164,[759, 761, 761, 763, 760, 760, 762, 764, 748, 769, 762, 753, 758]
165,[757, 756, 757, 760, 759, 757, 758, 761, 758, 757, 759]
166,[753, 752, 756, 756, 754, 754, 758, 739, 758, 754, 755]
167,[730, 740, 742, 734, 747, 742, 737, 741, 736, 731, 737, 735, 741, 740, 734]
168,[724, 724, 729, 724, 735, 739, 728, 742, 742, 729, 727, 729, 726]
169,[722, 724, 737, 741, 728, 720, 722, 725, 725, 726, 724]
170,[723, 724, 723, 723, 726, 724, 723, 722, 722, 725, 727, 726, 726]
171,[724, 727, 722, 727, 728, 724, 726, 726, 724, 729, 727, 729]
172,[722, 727, 722, 724, 726, 728, 727, 726, 723, 722, 725, 728, 712, 695]
173,[726, 730, 726, 722, 730, 724, 724, 725, 728, 710, 709, 703, 701]
174,[735, 734, 730, 734, 733, 728, 732, 733, 728, 675]
175,[738, 732, 737, 748, 734, 730, 734, 734, 732, 678, 676, 674, 676]
176,[752, 747, 745, 748, 737, 733, 739, 739, 744, 693, 681, 681]
177,[775, 762, 753, 762, 753, 746, 751, 753, 748, 682]
178,[778, 773, 771, 774, 774, 770, 770, 772, 778, 760, 771, 682, 775, 688]
179,[787, 782, 806, 783, 807, 779, 805, 807, 782, 785, 784]
180,[826, 820, 816, 816, 815, 817, 826, 819, 819, 808, 819, 818]
181,[842, 824, 852, 831, 840, 829, 833, 842, 820, 856, 846, 851, 841, 855, 837]
182,[1447, 801, 801, 821, 832, 813, 819, 818, 826, 824, 810]
183,[817, 802, 799, 808, 798, 831, 808, 814, 801, 805, 802, 800, 830, 797, 820]
184,[835, 830, 822, 838, 824, 829, 827, 831, 838, 823, 831]
185,[840, 843, 843, 836, 845, 844, 837, 837, 837, 844, 837]
186,[848, 839, 850, 851, 855, 838, 846, 840, 839, 859, 842, 840, 857]
187,[852, 843, 858, 854, 840, 843, 841, 844, 851, 854, 849]
188,[852, 854, 851, 849, 849, 850, 851, 854, 849, 850, 852, 851, 852, 851, 852, 851]
189,[860, 854, 855, 855, 856, 853, 853, 856, 855, 858, 854]
190,[869, 857, 861, 879, 866, 857, 861, 864, 857, 860, 858]
191,[868, 868, 867, 868, 869, 871, 871, 870, 870, 869, 871, 868]
192,[886, 885, 870, 877, 873, 874, 878, 886, 880, 895, 891, 875]
193,[904]
195,[2675, 2686, 2619, 2618]
196,[2467, 2415, 2411, 2633]
197,[2412, 2412, 2414, 2390, 2415, 2424, 2408, 2394, 2422, 2415, 2406, 2431, 2406]
198,[2442, 2445, 2521, 2558, 2455, 2473, 2501, 2486, 2462, 2524]
199,[2444, 2521, 2463, 2493, 2429, 2558, 2482, 2452, 2462, 2539, 2464, 2456, 2474, 2495]
200,[2434, 2428, 2455, 2455, 2419, 2444, 2463, 2468, 2442, 2450, 2487, 2521, 2472]
201,[2563, 2503, 2501, 2463, 2376, 2485, 2450, 2366, 2392, 2447, 2495, 2530, 2368]
202,[2514, 2502, 2532, 2511, 2515, 2521, 2528, 2512, 2515, 2514, 2513]
203,[2560, 2579, 2539, 2521, 2539, 2548, 2575, 2546, 2581, 2531, 2580, 2538]
204,[246, 2683, 2676, 2671, 2670, 2584, 2672, 2642, 2653, 2673, 2575, 2591]
205,[2638, 2623, 2651, 2635, 2622, 2623, 2614, 2617, 2654, 2647, 2622]
206,[2686, 2620, 2627, 2624, 2644, 2625, 2630, 2624, 2630, 2650, 2635]
207,[2651, 2658, 2648]
208,[3259, 3276, 3263, 3279, 3275, 3256, 3273, 3265, 3260, 3251, 3265, 3259, 3274]
209,[3244, 3235, 3260, 3263, 3228, 3256, 3247, 3250, 3272]
210,[3217, 3238, 3234, 3216, 3206, 3219, 3253, 3194, 3213]
211,[3190, 3179, 3217, 3194, 3217, 3203, 3196, 3207, 3193, 3190, 3210, 3178, 3198]
212,[3178, 1239, 1246, 3205, 3178, 3214, 3189, 3190, 3196, 1239, 3181, 3176]
213,[2797, 1248]
214,[1206]
215,[1229, 1207, 1207, 1209, 1208, 1211, 1206, 1206, 1205, 1206, 1208, 1209]
216,[1209, 1209, 1212, 1212, 1212, 1211, 1210, 1210, 1213, 1208, 1207, 1214]
217,[1222, 1219, 1213, 1212, 1222, 1211, 1216, 1218, 1212, 1217, 1218, 1215, 1221]
218,[1224, 1222, 1223, 1217, 1227, 1229, 1217, 1230, 1219, 1227, 1220, 1226, 1227]
219,[1238, 1231, 1232, 1235, 1233, 1234, 1232, 1230, 1231, 1231, 1227, 1236, 1234]
220,[1239, 1235, 1233, 1239, 1235, 1241, 1235, 1240, 1240]
221,[1242, 1235, 1235, 1238, 1243, 1242, 1245, 1247, 1241, 1244, 1238, 1243, 1247]
222,[1242, 1243, 1246, 1241, 1243, 1238, 1242, 1243, 1242, 1245, 1241, 1247, 1239]
223,[1236, 1244, 1245, 1239]
224,[1240]
228,[1233, 1237, 1241]
235,[1073, 1072, 1069, 1072, 1073, 1070, 1070, 1073, 1073]
236,[1062, 1065, 1062, 1069, 1068, 1072, 1068, 1065, 1072, 1070, 1075]
237,[2718, 1080, 1072, 1070, 1074, 1060, 1065, 1066, 1066]
238,[1086, 1088, 1081, 1096, 1086, 1089, 1092, 1081, 1082, 1092, 1076, 1078, 1088, 1074, 1089]
239,[1104, 1099, 1096, 1108, 1116, 1098, 1111, 1100, 1107, 1099, 1106]
240,[1121, 1119, 1118, 1118, 1114, 1117, 1118, 1120, 1121, 1112, 1120, 1121, 1122, 1123]
241,[1100, 1120, 1099, 1119, 1110, 1118, 1117, 1104, 1098, 1120, 1105, 1096, 1118, 1103, 1117]
242,[1109, 1100, 1110, 1108, 1105, 1113, 1105, 1105]
243,[1101, 1117, 1111, 1112, 1105, 1099, 1094, 1104, 1108, 1098, 1097, 1106, 1099]
244,[1097, 1099, 1121, 1103, 1113, 1116, 1115, 1099, 1118, 1093, 1117, 1099, 1116]
245,[1089, 1086, 1084, 1085, 1111, 1098, 1117, 1117, 1084, 1112, 1087, 1110]
246,[1115, 1088, 1123, 1107, 1109, 1122, 1126, 1114, 1117, 1102, 1122, 1118, 1123]
247,[1123, 1126, 1125, 1123, 1130, 1126, 1133, 1130, 1123, 1125, 1126, 1121, 1125]
248,[1142, 1144, 1143, 1146, 1143, 1148, 1140, 1149, 1133, 1143, 1147, 1147]
249,[374, 1107, 1139, 1102, 1127, 1097, 1146, 1127, 1107, 1141, 1136, 1110, 1147, 1120, 1117]
250,[1078, 1096, 1081, 1092, 1079]
252,[12356, 9680, 13153, 8307, 13537, 10649, 7147, 11656, 5730, 12090, 6207]
253,[3091, 3667, 2997, 3203, 3067, 2922, 3490, 3735]
254,[2925, 2872, 2883, 2730, 2764, 2828, 2846, 2805, 2845, 2839, 2864]
255,[2716, 1314, 2801, 2743, 2580, 2602, 2594, 2739]
260,[2639]
261,[1001]
262,[1079, 1089, 1111, 1114, 1121, 1117, 1122]
263,[999, 1121, 1128, 1099, 1124, 1135, 1112, 1133, 1146]
264,[859]
265,[974, 903, 852, 856, 918, 857, 1092, 862, 867, 865, 876]
266,[1026, 955, 938, 887, 902, 908, 918, 918, 933, 944, 887, 904, 940, 866]
267,[1050, 1057, 1023, 958, 971, 952, 947, 969, 984]
268,[1673, 111, 1061, 1068, 1070, 1070, 1067, 983, 1017, 1080, 996, 1082]
269,[115, 118, 1514, 115, 116, 121, 118, 120]
270,[1661, 1645, 1641, 1638, 1628, 1636, 1547, 122, 1571, 123, 1604, 1539, 1569, 1584]
271,[1647, 1639, 1649, 1657, 1627, 1638, 1643, 1643, 1650, 1632, 1649, 1666, 1642, 1640]
272,[401, 1779, 1761, 1686, 1739, 1821, 1676, 1663, 1677]
273,[1951, 1870, 1801, 1852, 1806, 2074, 2128, 1832, 1826]
274,[2389, 2433, 2312, 2546, 2101, 2280, 2345, 2374, 2476, 2154, 2373, 2584, 2540, 2759, 2313]
275,[3107, 3236, 2826, 3049, 2920, 2967, 3264, 2811, 3329]
276,[3671, 3488, 3386, 3279, 3342, 3655, 3478, 3464, 3636, 3513, 3526, 3408, 3426, 3667, 3363]
277,[3692, 3166, 3675, 3671, 3689, 236, 252, 3550, 248, 3655]
278,[302, 272, 291, 286, 252, 286, 298]
279,[315, 369, 353, 322, 348, 362, 366, 325, 330, 363, 309, 317, 354, 304, 354]
280,[389, 421, 375, 427, 432, 391, 418, 384, 412]
281,[459, 452, 449, 447, 444, 444, 459, 461, 436, 448, 453, 442, 449, 450]
282,[494, 477, 511, 455, 474, 482, 485, 498, 460, 483, 514, 476]
283,[2566, 613, 550, 610, 571, 586, 663, 534]
284,[746, 704, 676, 671, 683, 654, 748, 763, 705, 732, 678, 691]
285,[755, 773]
287,[885, 860, 861]
288,[948, 1014, 1285, 890, 894, 967, 1413, 892, 1031, 1197, 1000, 1137, 858]
289,[3280, 2879, 2609, 1764, 2514, 3000, 2424, 1747, 3361, 1522, 3835, 2443, 2872, 3231]
290,[14843, 10066, 4130, 4468, 7640, 12067, 13700, 4712, 4963, 13071, 9305, 9209]
292,[3973, 3973, 3989]
293,[3887, 3904, 3852, 3902, 3882, 3863, 3865, 3962, 3876, 3854, 3904, 3845, 3902]
294,[236, 3907, 3868, 3856, 3863, 3862, 3857, 3905, 3849, 3849]
295,[3903, 3907, 3961, 3909, 3982, 3982, 3981, 3969, 3970, 3940, 3978]
296,[4044, 4178, 4039, 4065, 3989, 4168, 4034, 4118, 4139, 4037]
297,[4261, 4267, 4260, 4287, 4287, 4211, 4226, 4227, 4254, 4276, 4273, 4304]
298,[4290, 4089, 4302]
306,[2589, 5533]
307,[5540, 5581, 5358, 5385, 5550, 5386, 5506, 5557, 5375, 5546, 5528]
309,[2951, 2959, 2897, 2890, 2919, 2949, 2948, 2885, 2879, 2942, 2969]
310,[2988]
314,[200, 200]
315,[200, 200, 200, 199, 200, 200, 200, 200, 200, 200, 200, 200, 200, 200]
316,[200, 201, 200, 202, 200, 201, 199, 199]
317,[226, 210, 201, 205, 205, 205, 206, 206, 206, 205, 205, 204, 205, 205]
318,[211, 209, 209, 169, 209, 210, 210, 211, 207, 209, 168, 209, 212, 209]
319,[176, 172, 174, 174, 173, 175, 173, 175, 172]
320,[176, 178, 177, 176, 176, 176, 176, 176, 176, 177, 176, 176, 177, 176]
321,[176, 173, 176, 176, 175, 173, 174, 172]
322,[172, 172, 172]
328,[140]
329,[144, 143, 142, 142, 143, 141, 142, 142, 142, 142, 143, 142, 143, 141]
330,[2707, 143, 143, 143, 143, 143, 143, 144, 143, 144, 181]
331,[191, 144, 181, 191, 144, 188, 188, 190, 190, 187, 187, 191, 183, 184, 192, 191]
332,[152, 149, 150, 149, 150, 148, 149, 150, 148, 150]
333,[150, 154, 155, 153, 153, 154]
334,[160, 156, 158, 153, 158, 154, 156, 158, 158, 158, 156, 158, 156, 158, 158, 157]
335,[159, 151, 160, 160, 159, 159, 159, 159, 160, 159, 160]
336,[160]
337,[163, 162, 160]
338,[152, 153, 156, 158, 156, 158, 162, 158]
339,[232, 166, 159, 158, 159, 158, 162, 162, 161, 161, 159, 160, 158, 164, 159]
340,[165, 164, 165, 165, 164, 165, 164, 166, 164, 165, 165, 163]
341,[162, 164, 163, 163, 163, 161, 162, 161, 162, 162, 163]
342,[164, 164, 164, 162, 164, 164, 164, 164, 164, 164, 164, 163, 164, 164]
343,[164, 166, 165, 166, 162, 164, 166, 164, 166]
344,[166]
348,[192, 192, 193, 192, 192, 192, 192, 192, 192, 192, 192, 194, 192]
349,[205, 198, 194, 195, 196, 198, 196, 197, 195, 201]
350,[206, 199, 201, 203, 202, 205, 205, 205, 205, 200, 202, 203, 200, 206, 202, 206]
351,[194, 206, 202, 193, 206, 206, 200, 200, 193, 202, 197, 206, 200]
352,[200, 192, 204, 198, 192, 198, 192, 195, 196, 198]
353,[2781, 206, 206, 196, 210, 197, 203, 203, 206, 209, 207, 202, 209, 202, 207, 199, 206, 210, 206]
354,[225, 218, 216, 215, 218, 220, 212, 216, 215]
355,[214, 225, 225, 224, 221, 225, 224, 224]
356,[220, 218, 214, 225, 222, 223, 219, 213, 217, 224, 217, 291, 220]
357,[288, 287, 286, 286, 285, 286, 285, 286, 285, 289, 286]
358,[295, 296, 289, 291, 290, 294, 294, 293, 293, 290, 292, 288, 296, 290, 295]
359,[296, 298, 298, 297, 298, 296, 296, 297, 296, 298, 298, 298, 298]
360,[298, 281, 298, 280, 280, 291, 280, 293, 291]
361,[285, 282, 292, 280, 291, 282, 285, 282, 281, 286, 279, 286, 281, 289, 293, 282, 283]
362,[203, 277, 276, 275, 280, 275, 278, 276, 279, 276]
363,[277, 272, 274, 273, 274, 272, 273, 273, 272]
364,[269, 271, 270, 273, 270, 272, 271, 271, 270, 270, 270, 271, 270, 271, 270, 270, 272, 275]
365,[270, 270, 269, 269, 269, 269, 269, 269, 269, 270, 269]
366,[267, 268, 267, 267, 267, 268, 267, 268, 268, 268]
367,[265, 265, 266, 266, 268, 266, 268, 266, 266, 266, 267, 266, 265, 266, 266, 265, 266]
368,[265, 265, 269, 264, 264, 264, 264, 265, 264]
369,[267, 264, 265, 272, 264, 264, 264, 264, 265, 264, 264, 265, 264, 265]
370,[266, 269, 266, 269, 265, 266, 265, 266, 267, 270, 266, 269]
371,[267, 271, 272, 270, 272, 276]
372,[275, 276]
376,[2820]
383,[1290, 1307, 1280, 1279, 1297, 1304, 1296, 1271, 1308, 1269, 1299, 1310, 1288]
384,[227, 1392, 1309, 1339, 1359, 1386, 1383, 1382, 1381, 1327, 1370, 1359]
385,[1372, 1389, 1385, 1348, 1374, 1373, 1387, 1385, 1390, 1390, 1386]
386,[1338, 1390, 1327, 1387, 1337, 1332, 1333, 1322, 1322, 1338, 1321, 1338]
387,[1320]
392,[118, 116, 117]
393,[118, 118, 118]
396,[3124, 3182, 3342, 3199, 3333, 3175]
397,[3151, 3120, 3136, 3327, 3099, 3196, 3170, 3146, 3156, 3150, 3144, 3124, 3087, 3165, 3142, 3137]
398,[3076, 3079, 3053, 3053, 3057, 2735, 3046, 2912]
399,[2788, 2234, 2270, 2289, 2842, 2672, 2689, 2290, 2294, 2269, 2470, 2576, 2261, 2655, 3037, 2281, 2735, 2285]
400,[2179, 2212, 2173, 2228, 2270, 2216, 2147, 2190, 2162, 2216]
401,[2130, 2103, 2097, 2139, 2129, 2082, 2131, 2084]
402,[2130, 2121, 2082, 2146, 2709, 2122, 2132, 2142, 2129, 2122, 2148, 2119, 2130, 2101, 2125, 2143, 2120]
403,[2304, 2172, 2226, 2284, 2287, 2252, 2282, 2168, 2229, 2209]
404,[2888, 2300, 2752, 2810, 2797, 2696, 2750, 2620, 2374, 2698]
405,[3175, 2680, 3098, 2729, 2894, 2883, 3001, 3065, 2955, 3075, 2891]
406,[3356, 3252, 3265, 3228, 3269, 3267, 3232, 3266, 3221, 3210]
407,[996, 3354, 3354, 3347, 3356, 3353, 3355, 3361, 3354, 3342, 3323, 3354, 3298, 3348, 3340]
408,[3277, 3344, 3019, 3356, 3248, 3347, 3327, 3354, 3318, 3340, 3263, 3239, 3316, 3257]
409,[3009, 3196, 3125, 3167, 3212, 3021, 3167, 3069]
410,[2967, 2964, 3039, 3019, 3031, 2966, 2965, 2958, 2957, 2974, 2980, 2954, 3034, 2945, 2961]
411,[2950, 2936, 2941, 2965, 2946, 2942, 2977, 2982, 2938, 2955, 2943]
412,[2967, 3024, 2982, 3028, 2984, 3005, 2989, 2986, 3005]
413,[3028, 3018, 2999, 3010, 3020, 3019, 3017, 3041, 3045, 3034, 3034, 3044, 3019, 3041, 3020, 3018]
414,[291, 263, 269, 3021, 269, 277, 3000, 268, 264]
415,[348, 342, 301, 320, 291, 286, 301]
416,[431, 368, 362, 299, 411, 310, 365, 387, 402, 383, 403, 387, 420, 377, 401, 365]
417,[478, 453, 455, 470, 468, 458, 468, 450, 442]
418,[459, 464, 469, 462, 459, 461, 463, 463, 470, 464, 474, 456, 477, 470]
419,[229, 277, 278, 282, 464, 444, 428, 451, 427, 446, 271, 240]
420,[239, 236, 226, 226, 231, 215, 227, 217]
421,[215, 215, 216, 214, 213, 214, 215, 216, 216, 216, 214, 214, 216, 213, 215]
422,[2771, 213, 217, 213, 216, 217, 216, 216, 216, 212, 216, 217, 216, 214]
423,[207, 211, 211, 211, 210, 210, 209]
424,[205, 204, 204, 205, 205, 208, 204, 204, 206, 203, 203, 203, 203, 207, 203, 202, 203]
425,[207, 205, 212, 212, 210, 209, 211, 205, 209, 207]
426,[332, 336, 293, 328, 318, 264, 288, 229, 221, 235, 341]
427,[2334, 1120, 2228, 243, 2326, 287, 725, 345, 1023, 1565, 906, 1488, 981, 3735, 2840, 855, 1423]
428,[2872, 2946, 2939, 2898, 3043, 2938]
429,[960, 3120, 3112, 3079, 3084, 3020, 3036, 3099, 3072, 3064, 3109, 3034, 3098, 3013, 3088]
430,[3148, 3135, 3144, 3222, 3114, 3128, 3094, 3133, 3244, 3143, 3198, 3132, 3175]
431,[4539, 3396, 3319, 4489, 3311, 4423, 4355, 4488]
432,[4602, 4566, 4474, 4526, 4579, 4579, 4609, 4606, 4571, 4571, 4550, 4591, 4612, 4583]
433,[4621, 4593, 4615, 4719, 4736, 4690, 4640]
434,[5741, 5747, 5754, 5814, 5754, 5814, 5872, 5797, 5862, 5866, 5873]
435,[5666, 5854, 5839, 5744, 5776, 5711, 5693, 5726, 5700, 5708, 5648, 5731, 5704, 5765]
436,[5659, 5568, 5566, 5570, 5557, 5580, 5546, 5630]
437,[5438, 5440, 5422, 5485, 5455, 5472, 5372, 5433, 5450, 5520, 5534, 5395]
438,[5321, 5306, 5282, 5387, 5402, 5333, 5410, 5345, 5395, 5271, 5347, 5255]
446,[1391, 2690]
452,[1117]
465,[4496, 4517]
466,[4286, 4447, 4232, 4339, 4370, 4394, 4430, 4172, 4570]
467,[4518, 4364, 4475, 4335, 4402, 4403, 4531, 4413, 4424, 4360, 4401, 4262, 4584, 4330, 4444]
468,[4742, 4449, 4629, 4682, 4599, 4573, 4592, 4598, 4607, 4710, 4722, 4613, 4696]
469,[3151, 4946, 4715, 4800, 4864, 4811, 4841]
470,[5011, 4891, 5076, 4876, 4901, 5152, 5156, 5038, 4987, 5177, 4951, 5147, 4878, 5108]
471,[5327, 5225, 5317, 5140, 5173, 5148, 5336, 5252, 5317, 5143, 5342]
472,[5373, 5331, 5416, 5322, 5337, 5361, 5315, 5394, 5356, 5334, 5351]
473,[5471, 5432, 5481, 5456, 5388, 5394, 5451, 5457, 5468, 5472, 5465, 5438, 5482, 5415, 5465, 5479, 5211, 5236]
474,[1278, 5477, 5478, 5485, 5495, 5490, 5500, 5479, 5481]
475,[5414, 5363, 5430, 5446, 5442, 5482, 5364, 5456, 5419, 5459, 5474, 5475, 5432, 5365]
476,[5297, 5441, 5246, 5171, 5285, 5319, 5283, 5306, 5285, 5292, 5096, 5328, 5280, 4645]
477,[4520, 4534, 4490, 4476, 4463, 4474, 4536]
478,[4026, 3957, 4049, 4134, 4123, 642]
481,[2597]
482,[2504, 2413]
483,[2369]
484,[2337, 2266]
485,[2237, 2220]
486,[2223, 2204]
487,[2723]
488,[2096, 2092]
489,[810, 792]
490,[783, 781, 4272, 4450]
491,[784, 790, 3960, 4140, 4111, 4149, 4148, 4133, 4138, 4156]
492,[786, 781, 3927, 4149, 3897, 4037, 4160, 4168, 4159, 3905, 3915, 3923, 3903, 4065, 4150, 3908, 3917, 4014]
493,[810, 828, 3890, 3883, 3917, 3875, 3918, 3883, 3878, 3887, 3873, 3884]
494,[804, 797, 3847, 3861, 3864, 3874, 3853, 3864, 3861, 3862, 3879, 3859, 3869, 3857, 3873, 3881, 3866]
495,[754, 798, 3840, 3850, 3847, 3847, 3860, 3843, 3855, 3853, 3845, 3844, 3853, 3863]
496,[767, 758, 3847, 3839, 3830, 3821, 3833, 3824, 3848, 3836, 3825, 3844]
497,[3817, 3823, 3829, 3829, 3819, 3820, 3791, 3825, 3814, 3820, 3819, 3823, 3822, 3825, 3824, 3822]
498,[724, 3775, 3794, 3779, 3801, 3802, 3817, 3807, 3812, 3794, 3772, 3808, 3811, 3788]
499,[722, 3723, 3724, 3748, 3772, 3750, 3767, 3783, 3742, 3770, 3746, 3754]
500,[720, 3759, 3710, 3724, 3736, 3721, 3730, 3700, 3708, 3724, 3735, 3710, 3732, 3704, 3745, 3752]
501,[724, 3696, 3708, 3704, 3701, 3698, 3689, 3698, 3730, 3751, 3701]
502,[732, 3685, 3690, 3688, 3678, 3680, 3694, 3678, 3694, 3679, 3699, 3685, 3678, 3677, 3681]
503,[747, 772, 3692, 3677, 3680, 3683, 3692, 3693, 3715, 3692, 3685, 3687, 3703, 3693, 3691, 3682]
504,[811, 3711, 3719, 3695, 3705, 3688, 3710, 3691, 3694, 3708, 3691, 3688, 3710, 3699]
505,[849, 3713, 3717, 3722, 3693, 3721, 3729, 3716, 3696, 3693, 3695, 3725, 3711, 3713]
506,[843, 3733, 3732, 3728, 3731, 3726, 3730, 3733, 3726, 3730, 3731, 3728, 3729, 3730]
507,[836, 3706, 3710, 3709, 3707, 3717, 3717, 3717, 3725, 3719, 3728, 3711, 3724]
508,[844, 3702, 3706, 3701, 3705, 3706, 3699, 3712, 3699, 3714, 3692, 3713, 3701]
509,[849, 3692, 3695, 3696, 3695, 3694, 3695, 3689, 3697, 3687, 3696, 3696, 3695, 3712]
510,[854, 869, 3691, 3698, 3687, 3685, 3690, 3694, 3696, 3698, 3693, 3719, 3694, 3714]
511,[890, 3689, 3684, 3696, 3687, 3720, 3716, 3692, 3687, 3695, 3694, 3697, 3693, 3702, 3687]
512,[3722, 3717, 3706, 3696, 3692, 3693, 3689, 3705, 3707, 3703, 3708, 3692, 3701]
513,[2446, 3722, 3726, 3721, 3736, 3719, 3722, 3711, 3721, 3720, 3728, 3724, 3717, 3726]
514,[2381, 3752, 3736, 3721, 3727, 3737, 3740, 3757, 3731, 3733, 3731, 3729, 3736, 3733]
515,[1465, 2377, 3753, 3754, 3765, 3742, 3738, 3756, 3728, 3762, 3757, 3735, 3753, 3750]
516,[2374, 2531, 3758, 3758, 3753, 3762, 3754, 3765, 3760, 3758, 3760, 3764, 3764, 3756, 3761]
517,[2679, 3766, 3767, 3758, 3771, 3767, 3779, 3773, 3771, 3767, 3769, 3766, 3763, 3771, 3756]
518,[2622, 3754, 3761, 3774, 3765, 3765, 3761, 3764, 3759, 3767, 3761, 3763]
519,[1087, 3772, 3778, 3765, 3775, 3785, 3775, 3767, 3758, 3759, 3770, 3758, 3758, 3781]
520,[3782, 3764, 3775, 3781, 3771, 3777, 3777, 3777, 3772, 3782, 3778, 3773, 3774]
521,[3754, 3768, 3765, 3766, 3756, 3759, 3757, 3752, 3762, 3768, 3760]
522,[3770, 3761, 3762, 3756, 3751, 3761, 3764, 3765, 3757, 3749, 3771, 3755, 3753, 3755, 3762]
523,[3798, 3783, 3785, 3771, 3768, 3795, 3771, 3776, 3770, 3786, 3789, 3767, 3786]
524,[3798, 3799, 3808, 3801, 3771, 3800, 3798, 3807, 3800, 3801, 3799]
525,[3807, 3774, 3808, 3764, 3813, 3770, 3816, 3807, 3814, 3807, 3803, 3804, 3806, 3809, 3810, 3813]
526,[3795, 3790, 3787, 3801, 3787, 3793, 3789, 3803, 3796, 3799]
527,[3779, 3779, 3768, 3778, 3780, 3786, 3784, 3776, 3772, 3779, 3773, 3779, 3777, 3776]
528,[3769, 3787, 3778, 3768, 3777, 3766, 3762, 3776, 3770, 3777, 3779, 3784, 3792, 3794]
529,[3770, 3759, 3778, 3751, 3769, 3760, 3786, 3772, 3782]
530,[3773, 3787, 3773, 3766, 3771, 3768, 3776, 3774, 3763, 3771, 3768, 3772, 3778, 3766, 3776]
531,[3785, 3780, 3781, 3772, 3790, 3785, 3771, 3779, 3766, 3779, 3776, 3777, 3773, 3785]
532,[3777, 3772, 3799, 3779, 3777, 3778, 3803, 3775, 3779, 3779]
533,[3793, 3781, 3798, 3785, 3763, 3794, 3777, 3808, 3799, 3776, 3778, 3773, 3773, 3785]
534,[3791, 3822, 3810, 3807, 3793, 3805, 3795, 3784, 3808, 3813, 3790, 3813, 3794, 3800]
535,[3830, 3831, 3821, 3826, 3812, 3835, 3835, 3820, 3814, 3832]
536,[3862, 3857, 3848, 3844, 3836, 3862, 3860, 3872, 3868, 3852, 3842, 3865, 3854, 3836, 3848, 3861, 3846]
537,[3826, 3865, 3896, 3891, 3890, 3897, 3903, 3880, 3896, 3859]
538,[3943, 3930, 3938, 3819, 3903, 3919, 3935, 3935, 3911, 3934, 3820, 3820, 3926]
539,[1475, 3823, 3945, 3946, 3935, 3829, 3943, 3947, 3944, 3939, 3946, 3953, 3937, 3934, 3939]
540,[3823, 3821, 3899, 3820, 3817, 3802, 3823, 3819, 3802, 3827, 3919]
541,[3789, 3826, 3811, 3787, 3802, 3818, 3792, 3809, 3811, 3803, 3791, 3808, 3799]
542,[669, 3737, 3784, 3771, 3756, 3775, 3798, 3778, 3780, 3815, 3811, 3820, 3819, 3738, 3769, 3753]
543,[3746, 3731, 3726, 3731, 3740, 3716, 3746, 3728, 3738]
544,[3682, 3696, 3709, 3721, 3703, 3708, 3683, 3686, 3709, 3708, 3694, 3714, 3694, 3683, 3722, 3707]
545,[3668, 3672, 3670, 3717, 3683, 3679, 3680, 3682, 3661, 3672, 3686, 3673, 3676]
546,[3661, 3665, 3710, 3674, 3651, 3646, 3658, 3664, 3707]
547,[3657, 3652, 3657, 3651, 3648, 3644, 3666, 3657, 3663, 3668, 3664, 3650, 3662, 3656, 3709, 3712, 3668, 3650]
548,[3674, 3676, 3678, 3691, 3677, 3683, 3679, 3681, 3685]
549,[3722, 3719, 3705, 3716, 3710, 3696, 3694, 3721, 3702, 3693, 3704, 3692, 3694, 3692]
550,[3734, 3728, 3723, 3734, 3729, 3735, 3721, 3736, 3730, 3725, 3738, 3729, 3727, 3743, 3719]
551,[3736, 3740, 3746, 3740, 3724, 3732, 3755, 3738, 3755]
552,[3778, 3745, 3776, 3773, 3750, 3762, 3754, 3777, 3773, 3760, 3772, 3765, 3762, 3761]
553,[3770, 3766, 3773, 3766, 3776, 3763, 3774, 3768, 3769, 3763, 3773, 3776, 3766, 3772]
554,[3767, 3775, 3772, 3788, 3774, 3771, 3766, 3780, 3773, 3775]
555,[3791, 3777, 3782, 3769, 3785, 3779, 3785, 3773, 3781, 3788, 3790, 3800, 3774, 3788, 3835, 3763, 3821]
556,[3817, 3829, 3798, 3800, 3794, 3797, 3833, 3829, 3827, 3853, 3832]
557,[3879, 3852, 3847, 3846, 3881, 3846, 3858, 3869, 3842, 3854, 3863]
558,[3906, 3892, 3877, 3879, 3885, 3868, 3921, 3888, 3902, 3922, 3902, 3922, 3896, 3870, 3892, 3905, 3881]
559,[3922, 3930, 3947, 3922, 3926, 3914, 3930, 3919]
560,[3995, 3971, 3976, 3982, 3952, 3992, 3983, 3944, 3952, 3966, 3960, 3959, 3968, 3957, 3950, 3956]
561,[3960, 4008, 3997, 4004, 4030, 3999, 4012, 3999, 4021, 3993, 4002, 4030, 3986]
562,[1461, 4037, 4042, 4046, 4038, 4057, 4053, 4047, 4052]
563,[4051, 4057, 4029, 4048, 4047, 4052, 4058, 4050, 4041, 4041, 4051, 4062, 4048, 4063, 4047, 4046, 4046]
564,[481, 4099, 4085, 4055, 4043, 4061, 4066, 4048, 4051, 4045, 4120, 4092, 4054]
565,[4106, 4119, 4099, 4116, 4107, 4072, 4097, 4086]
566,[4133, 4086, 4093, 4104, 4105, 3740, 4088, 3737, 4104, 4158, 3433, 4095, 4099]
567,[3063, 3102, 3100, 3096, 3099, 3046, 3055, 3076, 3058, 3079]
568,[3009, 3005, 3004, 3029, 3003, 2986, 3045, 3006, 3004, 3026, 3035, 3007]
569,[2975, 2971, 2976, 2986, 2951, 2962, 2947, 2944, 2996, 2999, 2971, 2962, 2977]
570,[2915, 2943, 2933, 2923, 2916, 2916, 2982, 2928, 2942]
571,[2908, 2905, 2898, 2902, 2902, 2902, 2901, 2917, 2912, 2905, 2907, 2906, 2908, 2920, 2897, 2930, 2913]
572,[2888, 2895, 2891, 2891, 2896, 2893, 2895, 2888, 2894, 2887, 2899]
573,[2874, 2868, 2891, 2862, 2879, 2885, 2883, 2878, 2888, 2884]
574,[2844, 2841, 2844, 2855, 2843, 2844, 2876, 2821, 2842, 2860, 2860, 2815, 2788, 2823, 2848]
575,[2806, 2792, 2817, 2836, 2820, 2820, 2828, 2822, 2826, 2801, 2790, 2831, 2802]
576,[2769, 2754, 2747, 2730, 2773, 2729, 2784, 2729, 2779, 2754, 2763]
577,[2705, 2701, 2701, 2726, 2694, 2700, 2674, 2664, 2704, 2662, 2722, 2679, 2658, 2733, 2699]
578,[2568, 2613, 2586, 2630, 2636, 2638, 2609, 2586, 2606]
579,[2543, 2462, 2494, 2526, 2511, 2460, 2496, 2502, 2534, 2550, 2507]
580,[2454, 2453, 2430, 2396, 2389, 2419, 2395, 2416, 2480, 2433, 2412, 2455]
581,[2337, 2303, 2372, 2342, 2316, 2336, 2334, 2359, 2340, 2303, 2362]
582,[2233, 2222, 2219, 2252, 2209, 2218, 2283, 2264, 2223, 2254, 2259, 2238, 2288, 2196, 2260]
583,[2122, 2139, 2154, 2191, 2160, 2153, 2180, 2159, 2180, 2131, 2130]
584,[2097, 2112, 2097, 2109, 2105, 2081, 2088]
585,[1455, 2040, 2034, 2033, 2053, 2024, 2028, 2073, 2062, 2031, 2055, 2061, 2042, 2016, 2006, 2061, 2030]
586,[1987, 1971, 1988, 1974, 1996, 2014, 1993, 2009, 1997, 2009, 1984, 1977, 1983]
587,[404, 2000, 1965, 1993, 1976, 1994, 1972, 1963, 1966, 1955]
588,[1974, 1984, 1946, 1946, 1990, 1941, 1943, 1933, 1954, 1938, 1938, 1983, 1939, 1948, 1939, 1936, 1946]
589,[1928, 1932, 1928, 1935, 1933, 1933, 1928, 1929, 1931, 1929, 1931]
590,[1928, 1931, 1928, 1927, 1928, 1934, 1928, 1930, 1927, 1928, 1929, 1928]
591,[1960, 1930, 1941, 1938, 1968, 1952, 1962, 1968, 1953, 1957, 1956, 1930, 1951, 1953, 1937]
592,[2008, 1972, 1995, 2015, 2003, 2010, 1986, 1996, 2014, 2011]
593,[2069, 2044, 2056, 2055, 2042, 2007, 2033, 2044, 2059, 2047, 2039, 2053, 2015, 2068, 2045]
594,[2088, 1997, 2065, 2080, 2005, 2078, 2080, 2068, 2078, 2071, 2089, 2073, 2090, 2060]
595,[2092, 2092, 2093, 2091, 2102, 2091, 2098]
596,[2071, 2091, 2086, 1965, 2092, 2071, 2076, 2098, 2092, 2086, 2095, 2091, 2094, 2062, 2047, 2094, 2080]
597,[2005, 2022, 1974, 2024, 2058, 2026, 2021, 1975, 2003]
598,[1877, 1909, 1926, 1954, 1897, 1971, 1904, 1967, 1936, 1943, 1907]
599,[1877, 1874, 1898, 1864, 1867, 1849, 1904, 1858, 1855, 1876, 1858, 1889, 1866, 1853, 1872]
600,[1845, 1845, 1846, 1844, 1850, 1850, 1851, 1843, 1848, 1843]
601,[1876, 1866, 1876, 1872, 1864, 1874, 1855, 1876, 1867, 1852, 1855]
602,[1852, 1853, 1870, 1862, 1866, 1849, 1860, 1855, 1850, 1862, 1852, 1861, 1865, 1869]
603,[1707, 1658, 1699, 1686, 1831, 1714, 1634, 1831]
604,[1572, 1598, 1535, 1537, 1559, 1517, 1598, 1565, 1531, 1548, 1577, 1543, 1619, 1505, 1574]
605,[1483, 1481, 1512, 1476, 1497, 1479, 1495, 1490, 1495, 1453, 1495, 1458, 1530]
606,[1402, 1410, 1435, 1414, 1439, 1419]
607,[1260, 1357, 1387, 1319, 1405, 1391, 1358, 1395, 1396, 1376, 1297, 1277, 1396, 1345]
608,[1473, 1250, 1285, 1241, 1228, 1277, 1250, 1282, 1209, 1215]
609,[393, 115, 104, 101, 102, 101, 101, 116, 100, 103]
610,[107, 109, 109, 106, 109, 109, 105, 106, 109, 106, 106, 108, 109, 1279, 106, 1344]
611,[1434, 108, 113, 108, 108, 108, 108, 108, 108, 105, 1461, 109, 109]
612,[1435, 1363, 1435, 1433, 1347, 1441, 1431, 110, 1434, 1423, 1435, 1439]
613,[1286, 1270, 1350, 1428, 1320, 1326, 1252, 1316, 1284, 1263, 1282, 1412, 1313, 1281, 1342]
614,[1162, 1253, 1132, 1159, 1156, 1205, 1163, 1122, 1221]
615,[1034, 1044, 1043, 1040, 1049, 1045, 1114, 1053]
616,[432, 1025, 1039, 921, 1033, 921, 921, 1027, 1023, 1029, 432, 1035, 1028, 431]
617,[433, 433, 433, 433, 433, 434, 432, 432]
618,[318, 318, 433, 319, 319, 434, 432, 1783, 1774, 318, 433, 1794, 432, 317, 1760, 1796, 434]
619,[1761, 1776, 1725, 1770, 1778, 1773, 1782, 1766, 1734]
620,[1666, 1582, 1675, 1519, 1724, 1559, 1709, 1562]
621,[1397, 1475, 1513, 1501, 1541, 1471, 1411, 1540, 1450, 1498, 1430, 1455, 1517, 1466, 1452]
622,[1357, 1377, 1423, 1415, 1381, 1373, 1395, 1384, 1403]
623,[1281, 1299, 1309, 1328, 1312, 1289, 1360, 1309, 1320, 1340, 1347, 1322]
624,[1224, 1243, 1269, 1271, 1219, 1257, 1226, 1224, 1299, 1262, 1249, 1210]
625,[1201, 1200, 1200, 1199, 1200, 1199, 1200, 1200]
626,[1237, 1209, 1206, 1213, 1203, 1223, 1222, 1199, 1203, 1209, 1203, 1201, 1207, 1226, 1201]
627,[1234, 1254, 1230, 1248, 1251, 1234, 1243, 1233, 1261, 1232, 1259]
628,[1265, 1242, 1267, 1265, 1273, 1265, 1271, 1264, 1271, 1253]
629,[1271, 1270, 1270, 1273, 1272, 1273, 1273, 1274, 1257, 1273, 1275, 1271, 1270, 1274, 1261, 1275, 1274]
630,[1286, 1274, 1285, 1276, 1276, 1277, 1276, 1285, 1280, 1284, 1279]
631,[1323, 1311, 1315, 1303, 1289, 1308, 1285, 1305, 1294, 1293, 1306]
632,[1293, 1515, 1330, 1323, 1309, 1325, 1324, 1349, 1311, 1328, 1342, 1332, 1320, 1339, 1329, 1315, 1325, 1330]
633,[1360, 1360, 1356, 1358, 1369, 1353]
634,[1363, 1377, 1368, 1377, 1380, 1377, 1369, 1371, 1379, 1371, 1372, 1378]
635,[216, 1352, 1265, 227, 229, 218, 225, 217, 1336, 217]
636,[242, 246, 251, 244, 246, 237, 259, 243, 255, 235]
637,[282, 270, 281, 290, 276, 304, 304, 270, 278, 286, 274, 273, 282, 307, 273]
638,[365, 313, 348, 312, 338, 342, 320, 334, 317, 357, 352]
639,[432, 378, 394, 371, 442, 377, 417, 405, 443]
640,[455, 454, 460, 447, 460, 458, 436, 450, 455, 455, 458, 426, 454, 456, 460, 455]
641,[457, 447, 457, 462, 467, 461, 460, 461]
642,[510, 495, 543, 465, 470, 477, 430, 490, 487, 526]
643,[639, 575, 460, 623, 626, 693, 539, 652, 688, 689, 666, 692, 656, 557, 632, 653]
644,[500, 512, 662, 604, 629, 615, 668, 643, 554, 679]
645,[476, 479, 474, 498, 485, 482, 566, 435, 503, 499, 539, 529]
646,[532, 476, 473, 484, 538, 488, 530, 538, 497, 519, 496, 569, 493, 503]
647,[523, 529, 555, 567, 565, 574, 577]
648,[527, 525, 537, 570, 553, 560, 562, 530, 586, 604, 668, 747, 623]
649,[3069, 2055, 2007, 1120, 1196, 759, 840, 745, 3240, 2356, 2887, 2275]
650,[3043, 3222, 3051, 3371, 2876, 2960]
651,[1189, 1188, 1189, 1187, 2436, 1187, 1186]
652,[1186, 1183, 1181, 1182, 1181, 1182, 1182, 1183, 1182, 1182, 1184]
653,[1204, 1204, 1205, 1205, 1202, 1185, 1203, 1200, 1202, 1181, 1182, 1202]
654,[1358, 1219, 1220, 1208, 1203, 1210, 1209, 1221, 1209, 1220, 1221, 1214, 1216, 1213, 1220, 1212, 1205, 1221]
655,[1536, 1215, 1189, 1215, 1215, 1214, 1211, 1215, 1213]
656,[1213, 1210, 1213, 1208, 1208, 1212, 1198, 1211, 1211, 1213, 1196, 1197]
657,[1202, 1197, 1204, 1209, 1201, 1208, 1204, 1203, 1209, 1207, 1210, 1199, 1196, 1207, 1199]
658,[1196, 1194, 1196, 1195, 1194, 1196, 1193, 1192]
659,[1174, 1182, 1191, 1187, 1191, 1179, 1179, 1192, 1192, 1182, 1181, 1189, 1189, 1191, 1190, 1180, 1180]
660,[1162, 1175, 1166, 1172, 1180, 1183, 1167, 1164, 1165]
661,[1159, 1129, 1119, 1128, 1147, 1153, 1128]
662,[1097, 1095, 1105, 1115, 1123, 1100, 1123, 1097, 1096, 1096, 1119, 1098, 1118, 1100, 1098]
663,[1085, 1078, 1093, 1091, 1080, 1079, 1083, 1080, 1073, 1084]
664,[1050, 1061, 1060, 1065, 1060, 1055, 1076, 1058, 1062, 1057, 1067, 1062]
665,[1028, 1042, 1054, 1056, 1049, 1049, 1032, 1045, 1035, 1033, 1044, 1041, 1045, 1033, 1048, 1055, 1036]
666,[1013, 1012, 1021, 1018, 1015, 1036, 1013]
667,[1004, 1012, 1015, 1012, 1014, 1012, 1011, 1017, 1010, 1008, 1035, 1014, 1014, 1007, 1015]
668,[1003, 994, 1011, 998, 1009, 1002, 1008, 994, 1011, 993]
669,[1025, 1021, 989, 1032, 978, 992, 981, 986]
670,[1007, 601, 1020, 980, 1016, 593, 593, 977, 597, 600, 994, 1124, 594]
671,[589, 592, 589, 597, 589, 596, 591, 588, 590, 588]
672,[589, 594, 584, 597, 608, 589, 595, 590, 588, 597]
673,[618, 621, 612, 617, 595, 619, 617, 597, 623, 613, 618, 621, 617, 590, 624, 593, 612, 617]
674,[612, 621, 617, 614, 619, 616]
675,[614, 608]
676,[1251, 1232, 1193, 1416, 1384, 1369, 1209, 1317, 1232, 1430, 1188, 1433]
677,[1351, 1886, 1670, 1674, 1646, 1651, 1892, 1642, 1782, 1823]
678,[1566, 1858, 1827, 1829, 1833, 1840, 1844, 1820, 1817, 1841, 1818, 1841, 1845, 1823, 1853]
679,[1855, 1849, 1815, 1815, 1839, 1748, 1680, 1489, 1753, 1815]
680,[1714, 1727, 1671, 1740, 1664, 1671, 1760, 1666, 1703, 1754]
681,[1597, 1612, 1637, 1638, 1717, 1614, 1602, 1670, 1606, 1640, 1670, 1680, 1619, 1668, 1622, 1623]
682,[1536, 1555, 1601, 1596, 1561, 1526, 1547, 1567, 1518, 1552]
683,[1489, 1528, 1499, 1492, 1501, 1499, 1503, 1514]
684,[1372, 1322, 1504, 1491, 1332, 1339, 1306, 1074, 1073, 1291, 1256, 1312, 1320]
685,[1082, 1082, 1071, 1082, 1076, 1077, 1070, 1087, 1075, 1084, 1071]
686,[1108, 1111, 1104, 1094, 1107, 1095, 1094, 1103, 1101, 1095, 1093, 1101, 1093]
687,[1145, 1115, 1115, 1136, 1116, 1131, 1115, 1118, 1122, 1117, 1138, 1111, 1113, 1136]
688,[1151, 1114, 1113, 1113, 1161, 1145, 1155, 1169]
689,[1167, 1165, 1170, 1116, 1169, 1169, 1121, 1165, 1170, 1170, 1165, 1170, 1169, 1169, 1169, 1166, 1165]
690,[1134, 1129, 1156, 1156, 1164, 1161, 1151, 1164, 1149, 1153, 1151, 1154]
691,[1139, 1147, 1139, 1136, 1146, 1139, 1144, 1145, 1139]
692,[1123, 1132, 1130, 1136, 1134, 1138, 1127, 1127, 1136, 1127, 1126, 1125, 1138, 1126, 1135, 1128, 1135]
693,[1123, 1124, 1124, 1120, 1119, 1122, 1123, 1118, 1123]
694,[1108, 1108, 1112, 1111, 1118, 1111, 1108, 1118, 1110, 1111, 1108, 1115, 1111]
695,[1098, 1108, 1107, 1104, 1104, 1096, 1108, 1103, 1105, 1098, 1103, 1100, 1104, 1096, 1105, 1105, 1098]
696,[1096, 1096, 1095, 1095, 1095, 1095, 1096]
697,[1117, 1086, 1090, 1092, 1087, 1116, 1116, 1090, 1118, 1115, 1115, 1090, 1091]
698,[1085, 1085, 1084, 1089, 1084, 1085, 1086, 1084, 1084, 1088, 1084, 1089, 1086, 1085, 1087]
699,[1247, 1119, 1095, 1094, 1120, 1090, 1105, 1088, 1096, 1119]
700,[1165, 1127, 1139, 1128, 1136, 1121, 1156, 1165, 1121, 1128, 1164, 1165, 1128, 1120, 1128, 1142, 1148]
701,[1982, 1200, 1165, 1164, 1165, 1197, 1166, 1177, 1200, 1203]
702,[1237, 1207, 1203, 1209, 1255, 1210, 1202, 1244, 1207]
703,[1360, 1297, 1287, 1211, 1312, 1226, 1240, 1206, 1372, 1402, 1348, 1360, 1209, 1313, 1304, 1337]
704,[1383, 1344, 1412, 1388, 1322, 1418, 1425]
705,[1612, 1524, 1505, 1514, 1582, 1467, 1459, 1478, 1518, 1440, 1478, 1502, 1506, 1480, 1504]
706,[1354, 1288, 1280, 1518, 1247, 1274, 1230, 1352, 1298, 1234]
707,[1108, 1367, 1363, 1280, 1294, 1284, 1307, 1328, 1220]
708,[1169, 1151, 1147, 1156, 1166, 1146, 2030, 1211, 1144, 1171, 1141, 1183, 1156]
709,[2231, 2553, 2070, 882, 882, 2192, 2166, 2995, 2354, 2926, 2576, 3017, 2364, 2022, 2203]
710,[859, 2989, 2870, 865, 3305, 2851, 866, 3251, 3006]
711,[3736, 856, 863, 865, 861, 862, 864, 862, 865, 862, 863]
712,[863, 864, 864, 866, 863, 863, 862, 865, 862, 862]
713,[855, 862, 853, 854, 860, 861, 854, 853, 861, 858, 853, 862, 858]
714,[852, 854, 843, 842, 853, 842, 839, 841, 841, 853, 843, 848, 847]
715,[838, 835, 837, 828, 831, 837]
716,[857, 840, 842, 834, 853, 845, 853, 853, 845, 840, 853]
717,[848, 4428, 847, 4138, 4122, 3981, 4443, 4356, 3528, 4458, 3639, 858, 861, 3905]
718,[2880, 3183, 2867, 3202, 3210, 3339, 3019, 3517, 3200, 2809]
719,[2699, 2766, 2564, 2705, 2432, 2409, 2703, 2604, 2652, 2713, 2814, 2624, 2490]
